"AMA INA","Basin","Subbasin","YEAR","Owner or BMP Operator","Right Number","Right Type","Well Id","CADASTRAL","AF Pumped","Movement Type","Water Type","LAT_DEGREES","LAT_MINUTES","LAT_SECONDS","LONG_DEGREES","LONG_MINUTES","LONG_SECONDS","PROGRAM"
"PHOENIX AMA","PHOENIX AMA","WEST SALT RIVER VALLEY","2023","ROUTE 14 INVESTMENT PARTNERS LLC","58-102408.0004","TYPE 2 NON-IRRIGATION GFR","060001","B-05-02 08CCB","1.994","WITHDRAWAL","GROUNDWATER","33","47","6","112","29","54","58"
"TUCSON AMA","TUCSON AMA","UPPER SANTA CRUZ","2023","PIMA COUNTY PARKS & RECREATION","58-100379.0004","TYPE 2 NON-IRRIGATION GFR","085744","D-12-13 19ADA","26.651","WITHDRAWAL","GROUNDWATER","","","","","","","58"
"TUCSON AMA","TUCSON AMA","AVRA VALLEY","2023","PIMA COUNTY WWMD INA ROAD","58-109394.0001","TYPE 2 NON-IRRIGATION GFR","087618","D-12-11 02BAA","1.293","WITHDRAWAL","GROUNDWATER","","","","","","","58"
"DOUGLAS INA","DOUGLAS INA","DOUGLAS","2023","TESSA LEE","60-203326.0002","IRRIGATION USE","087775","D-20-26 25BCA","120","WITHDRAWAL","GROUNDWATER","","","","","","","60"
"DOUGLAS INA","DOUGLAS INA","DOUGLAS","2023","RIVERVIEW, LLP DBA CORONADO FARMS, LLP","60-203576.0003","IRRIGATION USE","200257","D-19-26 17DCC","2.16","WITHDRAWAL","GROUNDWATER","","","","","","","60"
"DOUGLAS INA","DOUGLAS INA","DOUGLAS","2023","RIVERVIEW, LLP DBA CORONADO FARMS, LLP","60-203352.0004","IRRIGATION USE","200257","D-19-26 17DCC","4.5","WITHDRAWAL","GROUNDWATER","","","","","","","60"
"TUCSON AMA","TUCSON AMA","UPPER SANTA CRUZ","2023","PIMA COUNTY PARKS & RECREATION","58-100381.0006","TYPE 2 NON-IRRIGATION GFR","200410","D-13-16 20CDC","11.529","WITHDRAWAL","GROUNDWATER","","","","","","","58"
"PINAL AMA","PINAL AMA","ELOY","2023","CCA PROPERTIES OF ARIZONA, LLC","58-114619.0067","TYPE 1 GFR","206369","D-07-08 16DDD","215.381","WITHDRAWAL","GROUNDWATER","32","48","26","111","31","5","58"
"PHOENIX AMA","PHOENIX AMA","WEST SALT RIVER VALLEY","2023","AUSTIN RANCH LLC, an Arizona limited liability company","58-111411.0001","TYPE 1 GFR","207788","B-04-02 10ACC","18.446","WITHDRAWAL","GROUNDWATER","33","42","14.7","112","27","8.2","58"
"PHOENIX AMA","PHOENIX AMA","WEST SALT RIVER VALLEY","2023","Courtland Homes Inc., an Arizona corporation","58-117273.0003","TYPE 2 NON-IRRIGATION GFR","207788","B-04-02 10ACC","26","WITHDRAWAL","GROUNDWATER","33","42","14.7","112","27","8.2","58"
"DOUGLAS INA","DOUGLAS INA","DOUGLAS","2023","RIVERVIEW, LLP DBA CORONADO FARMS, LLP","60-203438.0003","IRRIGATION USE","208502","D-20-25 24CCB","0.628","WITHDRAWAL","GROUNDWATER","","","","","","","60"
"SANTA CRUZ AMA","SANTA CRUZ AMA","SANTA CRUZ AMA","2023","TUBAC MANAGEMENT COMPANY LLC","58-111271.0002","TYPE 2 NON-IRRIGATION GFR","210297","D-21-13 06DAC","47.875","WITHDRAWAL","GROUNDWATER","31","37","41.2","111","2","40.3","58"
"SANTA CRUZ AMA","SANTA CRUZ AMA","SANTA CRUZ AMA","2023","TUBAC MANAGEMENT COMPANY LLC","58-111271.0002","TYPE 2 NON-IRRIGATION GFR","210298","D-21-13 06DDA","126.564","WITHDRAWAL","GROUNDWATER","31","37","38.8","111","2","37.3","58"
"PINAL AMA","PINAL AMA","ELOY","2023","CCA PROPERTIES OF ARIZONA, LLC","58-114619.0067","TYPE 1 GFR","210415","D-07-08 16CDD","280.539","WITHDRAWAL","GROUNDWATER","32","48","25.8","111","31","27.6","58"
"PHOENIX AMA","PHOENIX AMA","WEST SALT RIVER VALLEY","2023","DI  ASSET CO 2 LLC","58-111144.0006","TYPE 2 NON-IRRIGATION GFR","210844","A-02-03 29ABA","0.021","WITHDRAWAL","GROUNDWATER","33","29","3","112","4","8","58"
"TUCSON AMA","TUCSON AMA","UPPER SANTA CRUZ","2023","PIMA COUNTY WWMD INA ROAD","58-109394.0001","TYPE 2 NON-IRRIGATION GFR","211809","D-17-13 14CAB","0.653","WITHDRAWAL","GROUNDWATER","31","56","58.3","110","59","25.9","58"
"TUCSON AMA","TUCSON AMA","UPPER SANTA CRUZ","2023","CATERPILLAR INCORPORATED","59-228150.0000","GENERAL INDUSTRIAL USE WITHDRAWAL PERM","213057","D-18-12 34DDB","17.642","WITHDRAWAL","GROUNDWATER","31","48","56.7","111","5","56.8","59"
"TUCSON AMA","TUCSON AMA","UPPER SANTA CRUZ","2023","CATERPILLAR INCORPORATED","59-228150.0000","GENERAL INDUSTRIAL USE WITHDRAWAL PERM","213058","D-18-12 28BCA","9.702","WITHDRAWAL","GROUNDWATER","31","50","10.1","111","7","38.4","59"
"TUCSON AMA","TUCSON AMA","UPPER SANTA CRUZ","2023","DAVID AND MELISSA SHARP","58-110693.0003","TYPE 2 NON-IRRIGATION GFR","213837","D-12-13 23ACC","3.648","WITHDRAWAL","GROUNDWATER","32","22","27","110","59","11","58"
"NOT WITHIN ANY AMA OR INA","LAKE MOHAVE","LAKE MOHAVE","2023","UTILITIES, INC","91-000336.0000","LARGE COMMUNITY WATER SYSTEM","215355","B-19-22 14CAC","590.656","WITHDRAWAL","GROUNDWATER","","","","","","","91"
"NOT WITHIN ANY AMA OR INA","LAKE MOHAVE","LAKE MOHAVE","2023","UTILITIES, INC","91-000336.0000","LARGE COMMUNITY WATER SYSTEM","215356","B-18-21 01ACC","1370.9","WITHDRAWAL","GROUNDWATER","","","","","","","91"
"TUCSON AMA","TUCSON AMA","UPPER SANTA CRUZ","2023","TNR&S ACQUISITIONS, INC","58-102307.0002","TYPE 2 NON-IRRIGATION GFR","215462","D-12-13 28BDA","358.127","WITHDRAWAL","GROUNDWATER","32","21","42","111","1","21","58"
"PHOENIX AMA","PHOENIX AMA","EAST SALT RIVER VALLEY","2023","HAWKINS HAMILTON PROPERTIES LLC","58-101511.0003","IRRIGATION USE","215469","D-02-05 15BDD","31.348","WITHDRAWAL","GROUNDWATER","33","15","20.4","111","49","59.8","58"
"TUCSON AMA","TUCSON AMA","UPPER SANTA CRUZ","2023","CITY OF TUCSON - ENV SERVICES","59-209994.0002","POOR QUALITY WITHDRAWAL PERMITS","216285","D-15-14 23BCB","19.21","WITHDRAWAL","GROUNDWATER","","","","","","","59"
"PINAL AMA","PINAL AMA","ELOY","2023","CCA PROPERTIES OF ARIZONA, LLC","58-114619.0067","TYPE 1 GFR","216456","D-07-08 16DBB","311.087","WITHDRAWAL","GROUNDWATER","32","48","50","111","31","24","58"
"TUCSON AMA","TUCSON AMA","UPPER SANTA CRUZ","2023","ROBERT E. SELBY","58-111428.0001","TYPE 2 NON-IRRIGATION GFR","217586","D-13-14 20CBC","29.78","WITHDRAWAL","GROUNDWATER","32","17","5","110","56","36","58"
"TUCSON AMA","TUCSON AMA","UPPER SANTA CRUZ","2023","DESERT FORREST NURSERY, LLC","58-111335.0008","TYPE 2 NON-IRRIGATION GFR","217595","D-12-13 21BBD","0.537","WITHDRAWAL","GROUNDWATER","32","22","40.4","111","1","36","58"
"TUCSON AMA","TUCSON AMA","UPPER SANTA CRUZ","2023","DESERT FORREST NURSERY, LLC","58-112458.0011","TYPE 2 NON-IRRIGATION GFR","217595","D-12-13 21BBD","1.564","WITHDRAWAL","GROUNDWATER","32","22","40.4","111","1","36","58"
"TUCSON AMA","TUCSON AMA","UPPER SANTA CRUZ","2023","IRONWOOD TRUST","58-110833.0001","TYPE 2 NON-IRRIGATION GFR","217595","D-12-13 21BBD","23.968","WITHDRAWAL","GROUNDWATER","32","22","40.4","111","1","36","58"
"TUCSON AMA","TUCSON AMA","UPPER SANTA CRUZ","2023","DESERT FORREST NURSERY, LLC","58-111335.0008","TYPE 2 NON-IRRIGATION GFR","217595","D-12-13 21BBD","0.246","WITHDRAWAL","GROUNDWATER","32","22","40.4","111","1","36","58"
"TUCSON AMA","TUCSON AMA","UPPER SANTA CRUZ","2023","DESERT FORREST NURSERY, LLC","58-111335.0008","TYPE 2 NON-IRRIGATION GFR","217595","D-12-13 21BBD","0.24","WITHDRAWAL","GROUNDWATER","32","22","40.4","111","1","36","58"
"TUCSON AMA","TUCSON AMA","UPPER SANTA CRUZ","2023","CITY OF TUCSON - ENV SERVICES","59-209994.0002","POOR QUALITY WITHDRAWAL PERMITS","218102","D-15-14 23BBA","0.35","WITHDRAWAL","GROUNDWATER","","","","","","","59"
"TUCSON AMA","TUCSON AMA","UPPER SANTA CRUZ","2023","CITY OF TUCSON - ENV SERVICES","59-209994.0002","POOR QUALITY WITHDRAWAL PERMITS","218103","D-15-14 23BBA","0.73","WITHDRAWAL","GROUNDWATER","","","","","","","59"
"PHOENIX AMA","PHOENIX AMA","HASSAYAMPA","2023","","59-234149.0000","GENERAL INDUSTRIAL USE WITHDRAWAL PERM","218225","B-03-06 28DCB","1.019","WITHDRAWAL","GROUNDWATER","33","34","11.2","112","52","26.8","59"
"TUCSON AMA","TUCSON AMA","UPPER SANTA CRUZ","2023","CITY OF TUCSON - ENV SERVICES","59-209994.0002","POOR QUALITY WITHDRAWAL PERMITS","218252","D-15-14 23BCB","3.72","WITHDRAWAL","GROUNDWATER","","","","","","","59"
"TUCSON AMA","TUCSON AMA","UPPER SANTA CRUZ","2023","CITY OF TUCSON - ENV SERVICES","59-209994.0002","POOR QUALITY WITHDRAWAL PERMITS","218253","D-15-14 23BCB","3.29","WITHDRAWAL","GROUNDWATER","","","","","","","59"
"TUCSON AMA","TUCSON AMA","UPPER SANTA CRUZ","2023","CITY OF TUCSON - ENV SERVICES","59-209994.0002","POOR QUALITY WITHDRAWAL PERMITS","218769","D-15-14 23BBB","1.47","WITHDRAWAL","GROUNDWATER","32","7","9","110","53","55","59"
"NOT WITHIN ANY AMA OR INA","SACRAMENTO VALLEY","SACRAMENTO VALLEY","2023","GEO GROUP CORRECTIONAL SERVICES","91-000882.0000","LARGE COMMUNITY WATER SYSTEM","218783","B-19-18 15DCC","0.486","WITHDRAWAL","GROUNDWATER","","","","","","","91"
"NOT WITHIN ANY AMA OR INA","SACRAMENTO VALLEY","SACRAMENTO VALLEY","2023","HAVASU HEIGHTS DWID","91-000321.0000","SMALL COMMUNITY WATER SYSTEM","218854","B-15-19 07AAA","34.11","WITHDRAWAL","GROUNDWATER","","","","","","","91"
"TUCSON AMA","TUCSON AMA","UPPER SANTA CRUZ","2023","CITY OF TUCSON - ENV SERVICES","59-209994.0002","POOR QUALITY WITHDRAWAL PERMITS","220488","D-15-14 23BBB","1.01","WITHDRAWAL","GROUNDWATER","32","7","8.93","110","53","23.18","59"
"TUCSON AMA","TUCSON AMA","UPPER SANTA CRUZ","2023","CITY OF TUCSON - ENV SERVICES","59-209994.0002","POOR QUALITY WITHDRAWAL PERMITS","220489","D-15-14 23BBB","1.52","WITHDRAWAL","GROUNDWATER","32","7","8.89","110","53","28.5","59"
"DOUGLAS INA","DOUGLAS INA","DOUGLAS","2023","CORONADO FARMS LLP DBA RIVERVIEW LLP","60-203456.0006","IRRIGATION USE","220876","D-19-26 20CDD","2.16","WITHDRAWAL","GROUNDWATER","","","","","","","60"
"TUCSON AMA","TUCSON AMA","UPPER SANTA CRUZ","2023","CITY OF TUCSON - ENV SERVICES","59-209994.0002","POOR QUALITY WITHDRAWAL PERMITS","221183","D-15-14 23BBB","15.7","WITHDRAWAL","GROUNDWATER","32","7","0","110","53","31","59"
"PHOENIX AMA","PHOENIX AMA","WEST SALT RIVER VALLEY","2023","AUSTIN RANCH LLC, an Arizona limited liability company","58-111411.0001","TYPE 1 GFR","222864","B-04-02 11CAA","3.157","WITHDRAWAL","GROUNDWATER","","","","","","","58"
"DOUGLAS INA","DOUGLAS INA","DOUGLAS","2023","VANDERHART FAMILY LIMITED PARTNERSHIP","60-203455.0007","IRRIGATION USE","223798","D-19-26 29DCD","4.04","WITHDRAWAL","GROUNDWATER","","","","","","","60"
"DOUGLAS INA","DOUGLAS INA","DOUGLAS","2023","CORONADO FARMS LLP DBA RIVERVIEW LLP","60-203083.0021","IRRIGATION USE","223798","D-19-26 29DCD","4.04","WITHDRAWAL","GROUNDWATER","","","","","","","60"
"TUCSON AMA","TUCSON AMA","UPPER SANTA CRUZ","2023","PIMA COUNTY WWMD INA ROAD","58-109394.0001","TYPE 2 NON-IRRIGATION GFR","224231","D-13-12 01BBA","0.132","WITHDRAWAL","GROUNDWATER","32","20","14","111","4","34.8","58"
"PHOENIX AMA","PHOENIX AMA","HASSAYAMPA","2023","D. Kuiper Dairy LLC.","58-104162.0001","TYPE 2 NON-IRRIGATION GFR","224811","B-01-06 05CBD","6.118","WITHDRAWAL","GROUNDWATER","33","27","25","112","53","52","58"
"DOUGLAS INA","DOUGLAS INA","DOUGLAS","2023","RIVERVIEW, LLP DBA CORONADO FARMS, LLP","60-203461.0004","IRRIGATION USE","225348","D-19-26 22CDD","0.38","WITHDRAWAL","GROUNDWATER","","","","","","","60"
"DOUGLAS INA","DOUGLAS INA","DOUGLAS","2023","RIVERVIEW, LLP DBA CORONADO FARMS, LLP","60-203420.0020","IRRIGATION USE","225479","D-19-26 17AAA","1.06","WITHDRAWAL","GROUNDWATER","","","","","","","60"
"DOUGLAS INA","DOUGLAS INA","DOUGLAS","2023","RIVERVIEW, LLP DBA CORONADO FARMS, LLP","60-203420.0023","IRRIGATION USE","225479","D-19-26 17AAA","0.87","WITHDRAWAL","GROUNDWATER","","","","","","","60"
"TUCSON AMA","TUCSON AMA","UPPER SANTA CRUZ","2023","CATERPILLAR INCORPORATED","59-228150.0000","GENERAL INDUSTRIAL USE WITHDRAWAL PERM","227619","D-18-12 31DDA","62.164","WITHDRAWAL","GROUNDWATER","31","48","51.48","111","8","52.4","59"
"DOUGLAS INA","DOUGLAS INA","DOUGLAS","2023","CORONADO FARMS LLP DBA RIVERVIEW LLP","60-203420.0021","IRRIGATION USE","229409","D-19-26 08DAA","1.06","WITHDRAWAL","GROUNDWATER","31","47","43.84","109","42","40.87","60"
"DOUGLAS INA","DOUGLAS INA","DOUGLAS","2023","HERITAGE HOME HEALTH, INC","60-203149.0004","IRRIGATION USE","230186","D-20-26 14AAD","57.389","WITHDRAWAL","GROUNDWATER","31","41","47.7","109","39","12","60"
"DOUGLAS INA","DOUGLAS INA","DOUGLAS","2023","CORONADO FARMS LLP DBA RIVERVIEW LLP","60-203364.0008","IRRIGATION USE","230349","D-19-26 21DAA","1.05","WITHDRAWAL","GROUNDWATER","31","45","56","109","41","26","60"
"DOUGLAS INA","DOUGLAS INA","DOUGLAS","2023","RIVERVIEW, LLP DBA CORONADO FARMS, LLP","60-203360.0022","IRRIGATION USE","230349","D-19-26 21DAA","1.44","WITHDRAWAL","GROUNDWATER","31","45","56","109","41","26","60"
"DOUGLAS INA","DOUGLAS INA","DOUGLAS","2023","RIVERVIEW, LLP DBA CORONADO FARMS, LLP","60-203114.0005","IRRIGATION USE","230772","D-19-26 32DCD","1.32","WITHDRAWAL","GROUNDWATER","31","43","46.81","109","42","41.22","60"
"DOUGLAS INA","DOUGLAS INA","DOUGLAS","2023","RIVERVIEW, LLP DBA CORONADO FARMS, LLP","60-203455.0008","IRRIGATION USE","230772","D-19-26 32DCD","1.32","WITHDRAWAL","GROUNDWATER","31","43","46.81","109","42","41.22","60"
"DOUGLAS INA","DOUGLAS INA","DOUGLAS","2023","CORONADO FARMS LLP DBA RIVERVIEW LLP","60-203276.0004","IRRIGATION USE","233250","D-19-26 29ABA","4.22","WITHDRAWAL","GROUNDWATER","","","","","","","60"
"DOUGLAS INA","DOUGLAS INA","DOUGLAS","2023","CORONADO FARMS LLP DBA RIVERVIEW LLP","60-203456.0006","IRRIGATION USE","233251","D-19-26 20DBA","2.26","WITHDRAWAL","GROUNDWATER","","","","","","","60"
"DOUGLAS INA","DOUGLAS INA","DOUGLAS","2023","CORONADO FARMS LLP DBA RIVERVIEW LLP","60-203420.0021","IRRIGATION USE","233253","D-19-26 17BBB","1.06","WITHDRAWAL","GROUNDWATER","","","","","","","60"
"DOUGLAS INA","DOUGLAS INA","DOUGLAS","2023","CORONADO FARMS LLP DBA RIVERVIEW LLP","60-203342.0002","IRRIGATION USE","233254","D-19-26 30DBC","2.03","WITHDRAWAL","GROUNDWATER","","","","","","","60"
"DOUGLAS INA","DOUGLAS INA","DOUGLAS","2023","MICHAEL AND TESSA LEE","60-203224.0012","IRRIGATION USE","233542","D-20-26 26ADD","240","WITHDRAWAL","GROUNDWATER","31","39","51.26","109","39","12.12","60"
"DOUGLAS INA","DOUGLAS INA","DOUGLAS","2023","DOELL J. HOMER","60-203433.0001","IRRIGATION USE","236081","D-18-26 27CDA","3.1","WITHDRAWAL","GROUNDWATER","31","50","7.56","109","41","13","60"
"DOUGLAS INA","DOUGLAS INA","DOUGLAS","2023","RIVERVIEW, LLP DBA CORONADO FARMS, LLP","60-203452.0018","IRRIGATION USE","236110","D-18-26 35DBB","2.16","WITHDRAWAL","GROUNDWATER","31","49","31.14","109","40","4.23","60"
"DOUGLAS INA","DOUGLAS INA","DOUGLAS","2023","RIVERVIEW, LLP DBA CORONADO FARMS, LLP","60-203461.0004","IRRIGATION USE","236111","D-19-26 22ACC","0.38","WITHDRAWAL","GROUNDWATER","31","46","0.97","109","40","55.3","60"
"DOUGLAS INA","DOUGLAS INA","DOUGLAS","2023","RIVERVIEW, LLP DBA CORONADO FARMS, LLP","60-203461.0004","IRRIGATION USE","236112","D-19-26 22BBB","0.38","WITHDRAWAL","GROUNDWATER","31","46","20.58","109","41","23.29","60"
"DOUGLAS INA","DOUGLAS INA","DOUGLAS","2023","RIVERVIEW, LLP DBA CORONADO FARMS, LLP","60-203274.0002","IRRIGATION USE","236245","D-19-26 15BCC","2.6","WITHDRAWAL","GROUNDWATER","31","46","52.8","109","41","26.35","60"
"DOUGLAS INA","DOUGLAS INA","DOUGLAS","2023","RIVERVIEW, LLP DBA CORONADO FARMS, LLP","60-203461.0004","IRRIGATION USE","236245","D-19-26 15BCC","0.38","WITHDRAWAL","GROUNDWATER","31","46","52.8","109","41","26.35","60"
"DOUGLAS INA","DOUGLAS INA","DOUGLAS","2023","RIVERVIEW, LLP DBA CORONADO FARMS, LLP","60-203420.0020","IRRIGATION USE","236550","D-19-26 16BDD","1.06","WITHDRAWAL","GROUNDWATER","","","","","","","60"
"DOUGLAS INA","DOUGLAS INA","DOUGLAS","2023","RIVERVIEW, LLP DBA CORONADO FARMS, LLP","60-203420.0024","IRRIGATION USE","236551","D-19-26 10BCC","3.12","WITHDRAWAL","GROUNDWATER","31","47","43.49","109","41","30.03","60"
"DOUGLAS INA","DOUGLAS INA","DOUGLAS","2023","RIVERVIEW, LLP DBA CORONADO FARMS, LLP","60-203114.0005","IRRIGATION USE","236554","D-19-26 32CCC","1.32","WITHDRAWAL","GROUNDWATER","31","43","47.81","109","43","14.8","60"
"DOUGLAS INA","DOUGLAS INA","DOUGLAS","2023","RIVERVIEW, LLP DBA CORONADO FARMS, LLP","60-203455.0008","IRRIGATION USE","236554","D-19-26 32CCC","1.32","WITHDRAWAL","GROUNDWATER","31","43","47.81","109","43","14.8","60"
"DOUGLAS INA","DOUGLAS INA","DOUGLAS","2023","CORONADO FARMS LLP DBA RIVERVIEW LLP","60-203083.0018","IRRIGATION USE","236554","D-19-26 32CCC","3.85","WITHDRAWAL","GROUNDWATER","31","43","47.81","109","43","14.8","60"
"DOUGLAS INA","DOUGLAS INA","DOUGLAS","2023","RIVERVIEW, LLP DBA CORONADO FARMS, LLP","60-203452.0017","IRRIGATION USE","236555","D-18-26 35CCD","4.22","WITHDRAWAL","GROUNDWATER","31","49","8.81","109","40","23.77","60"
"DOUGLAS INA","DOUGLAS INA","DOUGLAS","2023","RIVERVIEW, LLP DBA CORONADO FARMS, LLP","60-203452.0016","IRRIGATION USE","236555","D-18-26 35CCD","1.6","WITHDRAWAL","GROUNDWATER","31","49","8.81","109","40","23.77","60"
"DOUGLAS INA","DOUGLAS INA","DOUGLAS","2023","RIVERVIEW, LLP DBA CORONADO FARMS, LLP","60-203010.0007","IRRIGATION USE","236646","D-18-26 34BCC","1.72","WITHDRAWAL","GROUNDWATER","31","49","35.32","109","41","35.33","60"
"DOUGLAS INA","DOUGLAS INA","DOUGLAS","2023","RIVERVIEW, LLP DBA CORONADO FARMS, LLP","60-203461.0004","IRRIGATION USE","236714","D-19-26 15BBB","0.38","WITHDRAWAL","GROUNDWATER","31","47","14.21","109","41","28.07","60"
"DOUGLAS INA","DOUGLAS INA","DOUGLAS","2023","RIVERVIEW, LLP DBA CORONADO FARMS, LLP","60-203461.0004","IRRIGATION USE","236804","D-19-26 23BCC","0.38","WITHDRAWAL","GROUNDWATER","31","46","1.41","109","40","22.06","60"
"DOUGLAS INA","DOUGLAS INA","DOUGLAS","2023","RIVERVIEW, LLP DBA CORONADO FARMS, LLP","60-203360.0022","IRRIGATION USE","236811","D-19-26 21CBA","1.44","WITHDRAWAL","GROUNDWATER","31","45","56.88","109","42","11.88","60"
"DOUGLAS INA","DOUGLAS INA","DOUGLAS","2023","CORONADO FARMS LLP DBA RIVERVIEW LLP","60-203364.0008","IRRIGATION USE","236811","D-19-26 21CBA","1.05","WITHDRAWAL","GROUNDWATER","31","45","56.88","109","42","11.88","60"
"DOUGLAS INA","DOUGLAS INA","DOUGLAS","2023","CORONADO FARMS LLP DBA RIVERVIEW LLP","60-203342.0002","IRRIGATION USE","237289","D-19-26 31ABC","2.03","WITHDRAWAL","GROUNDWATER","31","44","28.75","109","43","49.49","60"
"DOUGLAS INA","DOUGLAS INA","DOUGLAS","2023","RIVERVIEW, LLP DBA CORONADO FARMS, LLP","60-203420.0020","IRRIGATION USE","237295","D-19-26 09CDD","1.06","WITHDRAWAL","GROUNDWATER","","","","","","","60"
"DOUGLAS INA","DOUGLAS INA","DOUGLAS","2023","RIVERVIEW, LLP DBA CORONADO FARMS, LLP","60-203576.0003","IRRIGATION USE","237296","D-19-26 05AAA","2.16","WITHDRAWAL","GROUNDWATER","31","49","4.72","109","42","45.05","60"
"DOUGLAS INA","DOUGLAS INA","DOUGLAS","2023","RIVERVIEW, LLP DBA CORONADO FARMS, LLP","60-203438.0003","IRRIGATION USE","238068","D-20-25 25BAA","0.628","WITHDRAWAL","GROUNDWATER","31","40","15.79","109","44","52.04","60"
"DOUGLAS INA","DOUGLAS INA","DOUGLAS","2023","RIVERVIEW, LLP DBA CORONADO FARMS, LLP","60-203438.0003","IRRIGATION USE","238069","D-20-25 24BAA","0.628","WITHDRAWAL","GROUNDWATER","31","41","1.49","109","44","48.57","60"
"PHOENIX AMA","PHOENIX AMA","HASSAYAMPA","2023","RATTLER RESOURCES LLC","59-238692.0000","MINERAL EXTRACTION","238832","B-07-04 27DCB","0.123","WITHDRAWAL","GROUNDWATER","33","54","53.027","112","39","33","59"
"TUCSON AMA","TUCSON AMA","UPPER SANTA CRUZ","2023","AZ STATE PARKS/CATALINA STATE PARKS","59-234260.0000","GENERAL INDUSTRIAL USE WITHDRAWAL PERM","503021","D-11-14 33CBB","6.974","WITHDRAWAL","GROUNDWATER","32","25","48","110","55","33.9","59"
"HUALAPAI VALLEY INA","HUALAPAI VALLEY","HUALAPAI VALLEY","2023","KINGMAN MUNICIPAL WATER","91-000316.0000","LARGE COMMUNITY WATER SYSTEM","504272","B-22-16 28BDA","3215","WITHDRAWAL","GROUNDWATER","","","","","","","91"
"TUCSON AMA","TUCSON AMA","AVRA VALLEY","2023","TWIN PEAKS LAND & CATTLE CO LLC","58-104743.0004","IRRIGATION USE","504485","D-12-11 20AAA","1549.5","WITHDRAWAL","GROUNDWATER","","","","","","","58"
"TUCSON AMA","TUCSON AMA","UPPER SANTA CRUZ","2023","TNR&S ACQUISITIONS, INC","58-102307.0002","TYPE 2 NON-IRRIGATION GFR","504756","D-12-13 28ADB","240.036","WITHDRAWAL","GROUNDWATER","","","","","","","58"
"TUCSON AMA","TUCSON AMA","UPPER SANTA CRUZ","2023","MARK A. MEYER","58-103799.0001","TYPE 2 NON-IRRIGATION GFR","506124","D-14-15 01CDC","0.25","WITHDRAWAL","GROUNDWATER","","","","","","","58"
"TUCSON AMA","TUCSON AMA","UPPER SANTA CRUZ","2023","MARK A. MEYER","58-103799.0001","TYPE 2 NON-IRRIGATION GFR","506124","D-14-15 01CDC","0.25","WITHDRAWAL","GROUNDWATER","","","","","","","58"
"TUCSON AMA","TUCSON AMA","UPPER SANTA CRUZ","2023","PIMA COUNTY REGIONAL FLOOD CONTROL DISTRICT","58-105957.0003","IRRIGATION USE","510904","D-13-13 17BDD","72.979","WITHDRAWAL","GROUNDWATER","32","18","5.5","111","2","18.5","58"
"DOUGLAS INA","DOUGLAS INA","DOUGLAS","2023","VALLEY UNION HIGH SCHOOL","60-203561.0000","NON-IRRIGATION USE","512553","D-20-26 15CDC","0.69","WITHDRAWAL","GROUNDWATER","","","","","","","60"
"PHOENIX AMA","PHOENIX AMA","WEST SALT RIVER VALLEY","2023","STATE OF ARIZONA","58-107207.0000","TYPE 1 GFR","513890","A-03-02 16ABB","0.031","WITHDRAWAL","GROUNDWATER","33","36","37","112","9","29","58"
"PINAL AMA","PINAL AMA","MARICOPA-STANFIELD","2023","SCOTTS HYPONEX","59-231996.0000","GENERAL INDUSTRIAL USE WITHDRAWAL PERM","515968","D-05-04 07BCB","16.151","WITHDRAWAL","GROUNDWATER","","","","","","","59"
"PHOENIX AMA","PHOENIX AMA","HASSAYAMPA","2023","TOYOTA MOTOR ENGINEERING & MANUFACTURING NA INC","58-111665.0005","TYPE 2 NON-IRRIGATION GFR","516567","B-05-05 27CAD","13.356","WITHDRAWAL","GROUNDWATER","","","","","","","58"
"TUCSON AMA","TUCSON AMA","UPPER SANTA CRUZ","2023","CITY OF TUCSON - ENV SERVICES","59-209994.0002","POOR QUALITY WITHDRAWAL PERMITS","517157","D-15-14 23BBB","4.82","WITHDRAWAL","GROUNDWATER","","","","","","","59"
"TUCSON AMA","TUCSON AMA","AVRA VALLEY","2023","PIMA COUNTY PARKS & RECREATION","58-100379.0004","TYPE 2 NON-IRRIGATION GFR","518790","D-16-10 04DAA","20.179","WITHDRAWAL","GROUNDWATER","32","3","49.1","111","19","4.7","58"
"TUCSON AMA","TUCSON AMA","AVRA VALLEY","2023","EL PASO NATURAL GAS CO, LAND DEPT.","58-102750.0003","TYPE 2 NON-IRRIGATION GFR","520549","D-12-09 25AAB","0.021","WITHDRAWAL","GROUNDWATER","","","","","","","58"
"TUCSON AMA","TUCSON AMA","UPPER SANTA CRUZ","2023","CATERPILLAR INCORPORATED","59-228150.0000","GENERAL INDUSTRIAL USE WITHDRAWAL PERM","521338","D-18-12 29ADA","2.055","WITHDRAWAL","GROUNDWATER","","","","","","","59"
"PINAL AMA","PINAL AMA","ELOY","2023","COOLIDGE LAND ACQUISITION COMPANY, LLC","58-111844.0012","TYPE 1 GFR","522759","D-06-08 10BAD","1.681","WITHDRAWAL","GROUNDWATER","","","","","","","58"
"TUCSON AMA","TUCSON AMA","AVRA VALLEY","2023","PIMA COUNTY PARKS & RECREATION","58-100381.0006","TYPE 2 NON-IRRIGATION GFR","527100","D-13-11 08DDA","13.896","WITHDRAWAL","GROUNDWATER","","","","","","","58"
"NOT WITHIN ANY AMA OR INA","LAKE MOHAVE","LAKE MOHAVE","2023","UTILITIES, INC","91-000336.0000","LARGE COMMUNITY WATER SYSTEM","527191","B-19-22 35AAB","714.302","WITHDRAWAL","GROUNDWATER","","","","","","","91"
"TUCSON AMA","TUCSON AMA","UPPER SANTA CRUZ","2023","CITY OF TUCSON - ENV SERVICES","59-209994.0002","POOR QUALITY WITHDRAWAL PERMITS","527401","D-15-14 15DDC","5.77","WITHDRAWAL","GROUNDWATER","","","","","","","59"
"PINAL AMA","PINAL AMA","MARICOPA-STANFIELD","2023","MESA COBRE HOLDING CORPORATION","58-110104.0004","TYPE 1 GFR","528249","D-06-04 13BCB","5.585","WITHDRAWAL","GROUNDWATER","","","","","","","58"
"HUALAPAI VALLEY INA","HUALAPAI VALLEY","HUALAPAI VALLEY","2023","KINGMAN MUNICIPAL WATER","91-000316.0000","LARGE COMMUNITY WATER SYSTEM","529815","B-22-16 17DDD","38","WITHDRAWAL","GROUNDWATER","","","","","","","91"
"PHOENIX AMA","PHOENIX AMA","WEST SALT RIVER VALLEY","2023","PHOENIX COUNTRY DAY SCHOOL","58-100080.0000","TYPE 2 NON-IRRIGATION GFR","531336","A-02-03 13DAC","27.032","WITHDRAWAL","GROUNDWATER","","","","","","","58"
"NOT WITHIN ANY AMA OR INA","LAKE MOHAVE","LAKE MOHAVE","2023","UTILITIES, INC","91-000336.0000","LARGE COMMUNITY WATER SYSTEM","532342","B-19-22 35DBB","457.774","WITHDRAWAL","GROUNDWATER","","","","","","","91"
"PHOENIX AMA","PHOENIX AMA","HASSAYAMPA","2023","TOYOTA MOTOR ENGINEERING & MANUFACTURING NA INC","58-111665.0005","TYPE 2 NON-IRRIGATION GFR","532474","B-05-05 21ACD","22.657","WITHDRAWAL","GROUNDWATER","33","45","29","112","47","36","58"
"PHOENIX AMA","PHOENIX AMA","HASSAYAMPA","2023","TOYOTA MOTOR ENGINEERING & MANUFACTURING NA INC","58-111665.0005","TYPE 2 NON-IRRIGATION GFR","536689","B-05-05 25DAB","0.297","WITHDRAWAL","GROUNDWATER","","","","","","","58"
"PHOENIX AMA","PHOENIX AMA","HASSAYAMPA","2023","TOYOTA MOTOR ENGINEERING & MANUFACTURING NA INC","58-111665.0005","TYPE 2 NON-IRRIGATION GFR","542617","B-05-05 28CAB","0.122","WITHDRAWAL","GROUNDWATER","","","","","","","58"
"TUCSON AMA","TUCSON AMA","UPPER SANTA CRUZ","2023","CROSS CREEK RIDING CLUB LLC","58-117338.0004","TYPE 2 NON-IRRIGATION GFR","552402","D-13-15 28DAD","4","WITHDRAWAL","GROUNDWATER","","","","","","","58"
"PHOENIX AMA","PHOENIX AMA","EAST SALT RIVER VALLEY","2023","SUNLAND SPRINGS VILLAGE GOLF CLUB","58-104638.0007","TYPE 2 NON-IRRIGATION GFR","554077","D-01-07 01BBA","565.685","WITHDRAWAL","GROUNDWATER","","","","","","","58"
"NOT WITHIN ANY AMA OR INA","SACRAMENTO VALLEY","SACRAMENTO VALLEY","2023","KINGMAN MUNICIPAL WATER","91-000316.0000","LARGE COMMUNITY WATER SYSTEM","557491","B-21-17 24CDC","64","WITHDRAWAL","GROUNDWATER","","","","","","","91"
"TUCSON AMA","TUCSON AMA","AVRA VALLEY","2023","MARANA UNIFIED SCHOOL DISTRICT","58-111066.0002","TYPE 2 NON-IRRIGATION GFR","558914","D-13-11 08DAC","10.056","WITHDRAWAL","GROUNDWATER","","","","","","","58"
"NOT WITHIN ANY AMA OR INA","SACRAMENTO VALLEY","SACRAMENTO VALLEY","2023","HAVASU HEIGHTS DWID","91-000321.0000","SMALL COMMUNITY WATER SYSTEM","560636","B-15-19 07ADA","24.44","WITHDRAWAL","GROUNDWATER","34","39","30.9","114","16","54.8","91"
"PINAL AMA","PINAL AMA","ELOY","2023","ERIC MUENCH","59-231927.0000","GENERAL INDUSTRIAL USE WITHDRAWAL PERM","563308","D-05-10 29ACD","14.175","WITHDRAWAL","GROUNDWATER","32","57","56.2","111","20","30.7","59"
"NOT WITHIN ANY AMA OR INA","LAKE MOHAVE","LAKE MOHAVE","2023","UTILITIES, INC","91-000336.0000","LARGE COMMUNITY WATER SYSTEM","565030","B-19-22 23CDC","480.603","WITHDRAWAL","GROUNDWATER","","","","","","","91"
"DOUGLAS INA","DOUGLAS INA","DOUGLAS","2023","ELFRIDA WATER IMPROVEMENT DISTRICT","60-203098.0000","NON-IRRIGATION USE","573834","D-20-26 16ABA","46.032","WITHDRAWAL","GROUNDWATER","","","","","","","60"
"TUCSON AMA","TUCSON AMA","UPPER SANTA CRUZ","2023","CITY OF TUCSON - ENV SERVICES","59-209994.0002","POOR QUALITY WITHDRAWAL PERMITS","575179","D-15-14 23ABB","5.82","WITHDRAWAL","GROUNDWATER","32","7","10","110","53","0","59"
"TUCSON AMA","TUCSON AMA","UPPER SANTA CRUZ","2023","CITY OF TUCSON - ENV SERVICES","59-209994.0002","POOR QUALITY WITHDRAWAL PERMITS","575181","D-15-14 23ABB","0.25","WITHDRAWAL","GROUNDWATER","32","7","10","110","52","52","59"
"HUALAPAI VALLEY INA","HUALAPAI VALLEY","HUALAPAI VALLEY","2023","KINGMAN MUNICIPAL WATER","91-000316.0000","LARGE COMMUNITY WATER SYSTEM","576713","B-22-16 29AAA","2190","WITHDRAWAL","GROUNDWATER","35","16","3.9","113","59","37","91"
"TUCSON AMA","TUCSON AMA","UPPER SANTA CRUZ","2023","CITY OF TUCSON - ENV SERVICES","59-209994.0002","POOR QUALITY WITHDRAWAL PERMITS","579026","D-15-14 23BCC","13.1","WITHDRAWAL","GROUNDWATER","32","6","46","110","53","31","59"
"PHOENIX AMA","PHOENIX AMA","WEST SALT RIVER VALLEY","2023","","59-228692.0001","TEMPORARY DEWATERING PERMITS","579467","A-02-03 20ABB","0.838","WITHDRAWAL","GROUNDWATER","33","30","32.83","112","4","23.74","59"
"PHOENIX AMA","PHOENIX AMA","WEST SALT RIVER VALLEY","2023","","59-228692.0001","TEMPORARY DEWATERING PERMITS","579471","A-02-03 20ABB","0.003","WITHDRAWAL","GROUNDWATER","33","30","31","112","4","23","59"
"PHOENIX AMA","PHOENIX AMA","WEST SALT RIVER VALLEY","2023","","59-228692.0001","TEMPORARY DEWATERING PERMITS","579472","A-02-03 20ABB","3.341","WITHDRAWAL","GROUNDWATER","33","30","31","112","4","23","59"
"TUCSON AMA","TUCSON AMA","UPPER SANTA CRUZ","2023","PIMA COUNTY PARKS & RECREATION","58-100381.0006","TYPE 2 NON-IRRIGATION GFR","579711","D-16-15 15DAB","1.252","WITHDRAWAL","GROUNDWATER","32","2","25.88","110","47","55","58"
"DOUGLAS INA","DOUGLAS INA","DOUGLAS","2023","3T RANCHES LLC","60-203266.0003","IRRIGATION USE","582613","D-24-26 04ADD","284.053","WITHDRAWAL","GROUNDWATER","","","","","","","60"
"TUCSON AMA","TUCSON AMA","UPPER SANTA CRUZ","2023","CITY OF TUCSON - ENV SERVICES","59-209994.0002","POOR QUALITY WITHDRAWAL PERMITS","583862","D-15-14 23BAB","9.72","WITHDRAWAL","GROUNDWATER","32","7","10","110","53","16","59"
"DOUGLAS INA","DOUGLAS INA","DOUGLAS","2023","RIVERVIEW, LLP DBA CORONADO FARMS, LLP","60-203420.0023","IRRIGATION USE","584785","D-19-26 17BCC","0.87","WITHDRAWAL","GROUNDWATER","","","","","","","60"
"TUCSON AMA","TUCSON AMA","AVRA VALLEY","2023","PIMA COUNTY PARKS & RECREATION","58-100379.0004","TYPE 2 NON-IRRIGATION GFR","587814","D-14-11 13CCC","89.072","WITHDRAWAL","GROUNDWATER","32","12","18","111","10","59","58"
"PHOENIX AMA","PHOENIX AMA","EAST SALT RIVER VALLEY","2023","HAWKINS HAMILTON PROPERTIES LLC","58-101511.0003","IRRIGATION USE","589497","D-02-05 15BDD","31.072","WITHDRAWAL","GROUNDWATER","33","15","20.6","111","49","59.7","58"
"HUALAPAI VALLEY INA","HUALAPAI VALLEY","HUALAPAI VALLEY","2023","KINGMAN MUNICIPAL WATER","91-000316.0000","LARGE COMMUNITY WATER SYSTEM","591289","B-22-16 32DDD","63","WITHDRAWAL","GROUNDWATER","35","14","26","113","59","39","91"
"TUCSON AMA","TUCSON AMA","AVRA VALLEY","2023","MARANA HIGH SCHOOL DISTRICT #6","58-111064.0000","TYPE 2 NON-IRRIGATION GFR","592753","D-12-11 21DDA","33.595","WITHDRAWAL","GROUNDWATER","32","22","80.4","111","13","94.8","58"
"PHOENIX AMA","PHOENIX AMA","EAST SALT RIVER VALLEY","2023","TMT ENTERPRISES LLC","58-114804.0042","TYPE 1 GFR","593133","D-02-06 13DCC","500.559","WITHDRAWAL","GROUNDWATER","33","15","3.4","111","41","41.9","58"
"NOT WITHIN ANY AMA OR INA","UPPER SAN PEDRO","SIERRA VISTA","2023","PUEBLO DEL SOL WATER CO","91-000058.0000","LARGE COMMUNITY WATER SYSTEM","595127","D-22-20 24DBB","754.421","WITHDRAWAL","GROUNDWATER","31","30","9.5","110","15","53.3","91"
"DOUGLAS AMA","DOUGLAS INA","DOUGLAS","2023","TESSA LEE","60-203234.0005","IRRIGATION USE","600022","D-20-26 25CBA","1","WITHDRAWAL","GROUNDWATER","","","","","","","60"
"NOT WITHIN ANY AMA OR INA","LITTLE COLORADO RIVER PLATEAU","LITTLE COLORADO RIVER PLATEAU","2023","","91-000095.0000","SMALL COMMUNITY WATER SYSTEM","600289","A-21-07 20BDB","3.573","WITHDRAWAL","GROUNDWATER","","","","","","","91"
"NOT WITHIN ANY AMA OR INA","LAKE MOHAVE","LAKE MOHAVE","2023","UTILITIES, INC","91-000336.0000","LARGE COMMUNITY WATER SYSTEM","600336","B-19-22 14CCA","75.022","WITHDRAWAL","GROUNDWATER","","","","","","","91"
"NOT WITHIN ANY AMA OR INA","LAKE MOHAVE","LAKE MOHAVE","2023","UTILITIES, INC","91-000336.0000","LARGE COMMUNITY WATER SYSTEM","600337","B-19-22 23BBB","104.628","WITHDRAWAL","GROUNDWATER","","","","","","","91"
"NOT WITHIN ANY AMA OR INA","PARKER","COLORADO RIVER INDIAN RES.","2023","PARKER, TOWN OF","91-000744.0000","LARGE COMMUNITY WATER SYSTEM","601137","B-09-20 01DBB","736.551","WITHDRAWAL","GROUNDWATER","","","","","","","91"
"NOT WITHIN ANY AMA OR INA","PARKER","COLORADO RIVER INDIAN RES.","2023","PARKER, TOWN OF","91-000744.0000","LARGE COMMUNITY WATER SYSTEM","601138","B-09-19 07BBB","39.168","WITHDRAWAL","GROUNDWATER","","","","","","","91"
"NOT WITHIN ANY AMA OR INA","PARKER","COLORADO RIVER INDIAN RES.","2023","PARKER, TOWN OF","91-000744.0000","LARGE COMMUNITY WATER SYSTEM","601139","B-09-19 06BBD","1.749","WITHDRAWAL","GROUNDWATER","","","","","","","91"
"JOSEPH CITY INA","JOSEPH CITY INA","JOSEPH CITY","2023","ALONZO NEIL & SHARI L MCLAWS","60-200002.0002","IRRIGATION USE","601837","A-17-19 12ABB","8","WITHDRAWAL","GROUNDWATER","","","","","","","60"
"DOUGLAS INA","DOUGLAS INA","DOUGLAS","2023","EDWARD T & IRENE F CIESLAK","60-203370.0001","NON-IRRIGATION USE","602775","D-22-26 06CAB","0.03","WITHDRAWAL","GROUNDWATER","","","","","","","60"
"SANTA CRUZ AMA","SANTA CRUZ AMA","SANTA CRUZ AMA","2023","INTERMOUNTAIN REAL ESTATE HOLDINGS, LLC","58-106682.0004","IRRIGATION USE","603079","D-21-13 19AAA","113.77","WITHDRAWAL","GROUNDWATER","","","","","","","58"
"TUCSON AMA","TUCSON AMA","AVRA VALLEY","2023","PIMA COUNTY NATURAL RESOURCES","58-101143.0006","IRRIGATION USE","603527","D-15-10 33DBC","10.854","WITHDRAWAL","GROUNDWATER","","","","","","","58"
"PHOENIX AMA","PHOENIX AMA","EAST SALT RIVER VALLEY","2023","TEMPE SCHOOL DISTRICT NO 3","58-103873.0000","TYPE 2 NON-IRRIGATION GFR","603767","A-01-04 11BDB","0.32","WITHDRAWAL","GROUNDWATER","","","","","","","58"
"DOUGLAS INA","DOUGLAS INA","DOUGLAS","2023","CORONADO FARMS LLP DBA RIVERVIEW LLP","60-203364.0008","IRRIGATION USE","603801","D-19-26 21DBA","1.05","WITHDRAWAL","GROUNDWATER","31","45","45.5","109","41","78.5","60"
"DOUGLAS INA","DOUGLAS INA","DOUGLAS","2023","SANTANDR LIVING TRUST","60-203403.0003","IRRIGATION USE","604002","D-20-26 05BDB","483.188","WITHDRAWAL","GROUNDWATER","","","","","","","60"
"TUCSON AMA","TUCSON AMA","UPPER SANTA CRUZ","2023","NIKOLAS CROSBY-GARBOTZ","58-101891.0002","IRRIGATION USE","604250","D-14-16 04BCC","11.342","WITHDRAWAL","GROUNDWATER","","","","","","","58"
"TUCSON AMA","TUCSON AMA","UPPER SANTA CRUZ","2023","PIMA COUNTY PARKS & RECREATION","58-100381.0006","TYPE 2 NON-IRRIGATION GFR","604337","D-16-15 14BDA","174.784","WITHDRAWAL","GROUNDWATER","","","","","","","58"
"TUCSON AMA","TUCSON AMA","UPPER SANTA CRUZ","2023","PIMA COUNTY PARKS & RECREATION","58-100376.0001","TYPE 2 NON-IRRIGATION GFR","604345","D-12-13 19DDC","1.7","WITHDRAWAL","GROUNDWATER","","","","","","","58"
"SANTA CRUZ AMA","SANTA CRUZ AMA","SANTA CRUZ AMA","2023","ROBIN M.  CLARK","58-104889.0001","IRRIGATION USE","604487","D-21-13 17CD","166.49","WITHDRAWAL","GROUNDWATER","","","","","","","58"
"SANTA CRUZ AMA","SANTA CRUZ AMA","SANTA CRUZ AMA","2023","LYNN NIXON","58-104890.0002","IRRIGATION USE","604488","D-21-13 18DC","65.614","WITHDRAWAL","GROUNDWATER","","","","","","","58"
"PINAL AMA","PINAL AMA","ELOY","2023","SKOUSEN C L AND SON","58-100800.0000","IRRIGATION USE","605060","D-05-08 05DDA","540.906","WITHDRAWAL","GROUNDWATER","","","","","","","58"
"PINAL AMA","PINAL AMA","ELOY","2023","SKOUSEN C L AND SON","58-100799.0000","TYPE 2 NON-IRRIGATION GFR","605063","D-05-08 05CCC","0.373","WITHDRAWAL","GROUNDWATER","","","","","","","58"
"PINAL AMA","PINAL AMA","ELOY","2023","JEFFERY STEVENS","58-101775.0003","TYPE 1 GFR","606052","D-06-06 12BDB","72.064","WITHDRAWAL","GROUNDWATER","","","","","","","58"
"PINAL AMA","PINAL AMA","ELOY","2023","JEFFERY STEVENS","58-101775.0003","TYPE 1 GFR","606054","D-06-06 12BAC","0.011","WITHDRAWAL","GROUNDWATER","","","","","","","58"
"PHOENIX AMA","PHOENIX AMA","WEST SALT RIVER VALLEY","2023","MARICOPA COUNTY PARKS & RECREATION DEPT","58-101279.0002","TYPE 2 NON-IRRIGATION GFR","606320","B-01-01 32BCA","603.25","WITHDRAWAL","GROUNDWATER","","","","","","","58"
"TUCSON AMA","TUCSON AMA","AVRA VALLEY","2023","JONES GLENN A. & SANDRA L.","58-104294.0001","IRRIGATION USE","606443","D-13-10 08ADA","1.482","WITHDRAWAL","GROUNDWATER","","","","","","","58"
"TUCSON AMA","TUCSON AMA","AVRA VALLEY","2023","JONES GLENN A. & SANDRA L.","58-160058.0001","TYPE 2 NON-IRRIGATION GFR","606443","D-13-10 08ADA","10","WITHDRAWAL","GROUNDWATER","","","","","","","58"
"TUCSON AMA","TUCSON AMA","UPPER SANTA CRUZ","2023","SELBY, WILLIAM T.","58-100135.0001","TYPE 2 NON-IRRIGATION GFR","606517","D-13-14 28BCA","8.78","WITHDRAWAL","GROUNDWATER","","","","","","","58"
"DOUGLAS INA","DOUGLAS INA","DOUGLAS","2023","RIVERVIEW, LLP DBA CORONADO FARMS, LLP","60-203079.0004","IRRIGATION USE","606648","D-18-26 35DAA","441.6","WITHDRAWAL","GROUNDWATER","","","","","","","60"
"DOUGLAS INA","DOUGLAS INA","DOUGLAS","2023","RIVERVIEW, LLP DBA CORONADO FARMS, LLP","60-203452.0016","IRRIGATION USE","606648","D-18-26 35DAA","1.6","WITHDRAWAL","GROUNDWATER","","","","","","","60"
"DOUGLAS INA","DOUGLAS INA","DOUGLAS","2023","RIVERVIEW, LLP DBA CORONADO FARMS, LLP","60-203452.0018","IRRIGATION USE","606649","D-18-26 35ABA","2.16","WITHDRAWAL","GROUNDWATER","","","","","","","60"
"DOUGLAS INA","DOUGLAS INA","DOUGLAS","2023","RIVERVIEW, LLP DBA CORONADO FARMS, LLP","60-203011.0005","IRRIGATION USE","606652","D-18-26 34BAD","3","WITHDRAWAL","GROUNDWATER","","","","","","","60"
"DOUGLAS INA","DOUGLAS INA","DOUGLAS","2023","RIVERVIEW, LLP DBA CORONADO FARMS, LLP","60-203010.0007","IRRIGATION USE","606653","D-18-26 34AAD","1.72","WITHDRAWAL","GROUNDWATER","","","","","","","60"
"TUCSON AMA","TUCSON AMA","AVRA VALLEY","2023","POST LAND COMPANY LLC","58-104093.0002","TYPE 2 NON-IRRIGATION GFR","607055","D-11-10 14BAA","11.059","WITHDRAWAL","GROUNDWATER","","","","","","","58"
"PHOENIX AMA","PHOENIX AMA","EAST SALT RIVER VALLEY","2023","TMT ENTERPRISES LLC","58-114804.0042","TYPE 1 GFR","607292","D-02-06 13DDD","3.842","WITHDRAWAL","GROUNDWATER","","","","","","","58"
"PINAL AMA","PINAL AMA","ELOY","2023","ARIZONA SONORAN COPPER COMPANY INC.","58-100706.0005","TYPE 2 NON-IRRIGATION GFR","608104","D-05-06 28AAB","45.579","WITHDRAWAL","GROUNDWATER","","","","","","","58"
"SANTA CRUZ AMA","SANTA CRUZ AMA","SANTA CRUZ AMA","2023","TUBAC MANAGEMENT COMPANY LLC","58-111271.0002","TYPE 2 NON-IRRIGATION GFR","608110","D-21-13 05CCC","19.871","WITHDRAWAL","GROUNDWATER","","","","","","","58"
"SANTA CRUZ AMA","SANTA CRUZ AMA","SANTA CRUZ AMA","2023","TUBAC MANAGEMENT COMPANY LLC","58-111271.0002","TYPE 2 NON-IRRIGATION GFR","608112","D-21-13 06DAA","511.674","WITHDRAWAL","GROUNDWATER","31","37","47","111","2","41.7","58"
"DOUGLAS INA","DOUGLAS INA","DOUGLAS","2023","ELFRIDA WATER IMPROVEMENT DISTRICT","60-203098.0000","NON-IRRIGATION USE","608154","D-20-26 22BBC","0.328","WITHDRAWAL","GROUNDWATER","","","","","","","60"
"DOUGLAS INA","DOUGLAS INA","DOUGLAS","2023","ELFRIDA WATER IMPROVEMENT DISTRICT","60-203098.0000","NON-IRRIGATION USE","608155","D-20-26 15CCD","28.648","WITHDRAWAL","GROUNDWATER","31","41","13","109","40","59","60"
"DOUGLAS INA","DOUGLAS INA","DOUGLAS","2023","RIVERVIEW, LLP DBA CORONADO FARMS, LLP","60-203310.0005","IRRIGATION USE","608708","D-19-26 15DDA","1.03","WITHDRAWAL","GROUNDWATER","","","","","","","60"
"DOUGLAS INA","DOUGLAS INA","DOUGLAS","2023","STATE OF ARIZONA","60-203476.0000","IRRIGATION USE","608708","D-19-26 15DDA","1.03","WITHDRAWAL","GROUNDWATER","","","","","","","60"
"PHOENIX AMA","PHOENIX AMA","EAST SALT RIVER VALLEY","2023","HERBERT H BEACH","58-106536.0003","TYPE 2 NON-IRRIGATION GFR","609319","A-01-05 03ACC","1.1","WITHDRAWAL","GROUNDWATER","","","","","","","58"
"PHOENIX AMA","PHOENIX AMA","WEST SALT RIVER VALLEY","2023","DESERT AGGREGATES, LLC","59-230552.0000","MINERAL EXTRACTION","610155","B-01-02 35BAA","338.994","WITHDRAWAL","GROUNDWATER","","","","","","","59"
"TUCSON AMA","TUCSON AMA","UPPER SANTA CRUZ","2023","SAHUARITA, TOWN OF","58-100316.0018","TYPE 1 GFR","611142","D-17-13 01ACC","153.104","WITHDRAWAL","GROUNDWATER","31","58","46","110","58","4","58"
"DOUGLAS INA","DOUGLAS INA","DOUGLAS","2023","R L ASHLEY","60-203380.0000","NON-IRRIGATION USE","611182","D-22-26 19BDB","1","WITHDRAWAL","GROUNDWATER","","","","","","","60"
"PINAL AMA","PINAL AMA","MARICOPA-STANFIELD","2023","EL PASO NATURAL GAS CO","58-102752.0000","TYPE 2 NON-IRRIGATION GFR","611565","D-06-03 05CBB","0.009","WITHDRAWAL","GROUNDWATER","","","","","","","58"
"TUCSON AMA","TUCSON AMA","UPPER SANTA CRUZ","2023","EL PASO NATURAL GAS CO - VAIL STATION","58-102753.0000","TYPE 2 NON-IRRIGATION GFR","611583","D-16-15 04DAC","0.711","WITHDRAWAL","GROUNDWATER","","","","","","","58"
"PHOENIX AMA","PHOENIX AMA","WEST SALT RIVER VALLEY","2023","CITY OF LITCHFIELD PARK","58-106361.0001","TYPE 2 NON-IRRIGATION GFR","611676","B-02-01 27BCB","71.508","WITHDRAWAL","GROUNDWATER","33","29","19","112","21","25","58"
"HUALAPAI VALLEY INA","HUALAPAI VALLEY","HUALAPAI VALLEY","2023","KINGMAN MUNICIPAL WATER","91-000316.0000","LARGE COMMUNITY WATER SYSTEM","612657","B-22-16 15CCC","352","WITHDRAWAL","GROUNDWATER","35","17","2.8","113","58","27.4","91"
"HUALAPAI VALLEY INA","HUALAPAI VALLEY","HUALAPAI VALLEY","2023","KINGMAN MUNICIPAL WATER","91-000316.0000","LARGE COMMUNITY WATER SYSTEM","612658","B-22-16 19BAA","497","WITHDRAWAL","GROUNDWATER","35","16","58","114","1","14","91"
"NOT WITHIN ANY AMA OR INA","SACRAMENTO VALLEY","SACRAMENTO VALLEY","2023","KINGMAN MUNICIPAL WATER","91-000316.0000","LARGE COMMUNITY WATER SYSTEM","612661","B-21-17 24CDB","8","WITHDRAWAL","GROUNDWATER","","","","","","","91"
"NOT WITHIN ANY AMA OR INA","SACRAMENTO VALLEY","SACRAMENTO VALLEY","2023","KINGMAN MUNICIPAL WATER","91-000316.0000","LARGE COMMUNITY WATER SYSTEM","612662","B-21-17 24CDD","331","WITHDRAWAL","GROUNDWATER","","","","","","","91"
"NOT WITHIN ANY AMA OR INA","SACRAMENTO VALLEY","SACRAMENTO VALLEY","2023","KINGMAN MUNICIPAL WATER","91-000316.0000","LARGE COMMUNITY WATER SYSTEM","612663","B-21-17 24CBC","103","WITHDRAWAL","GROUNDWATER","","","","","","","91"
"HUALAPAI VALLEY INA","HUALAPAI VALLEY","HUALAPAI VALLEY","2023","KINGMAN MUNICIPAL WATER","91-000316.0000","LARGE COMMUNITY WATER SYSTEM","612664","B-22-16 34CBC","349","WITHDRAWAL","GROUNDWATER","","","","","","","91"
"HUALAPAI VALLEY INA","HUALAPAI VALLEY","HUALAPAI VALLEY","2023","KINGMAN MUNICIPAL WATER","91-000316.0000","LARGE COMMUNITY WATER SYSTEM","612665","B-22-16 33CDC","402","WITHDRAWAL","GROUNDWATER","","","","","","","91"
"HUALAPAI VALLEY INA","HUALAPAI VALLEY","HUALAPAI VALLEY","2023","KINGMAN MUNICIPAL WATER","91-000316.0000","LARGE COMMUNITY WATER SYSTEM","612666","B-22-16 33BCD","518","WITHDRAWAL","GROUNDWATER","","","","","","","91"
"HUALAPAI VALLEY INA","HUALAPAI VALLEY","HUALAPAI VALLEY","2023","KINGMAN MUNICIPAL WATER","91-000316.0000","LARGE COMMUNITY WATER SYSTEM","612667","B-22-16 27DDD","0.25","WITHDRAWAL","GROUNDWATER","35","15","14.5","113","57","28.2","91"
"JOSEPH CITY INA","JOSEPH CITY INA","JOSEPH CITY","2023","ARIZONA PUBLIC SERVICE CO","60-200071.0000","NON-IRRIGATION USE","613088","A-18-19 26ACB","0.06","WITHDRAWAL","GROUNDWATER","","","","","","","60"
"JOSEPH CITY INA","JOSEPH CITY INA","JOSEPH CITY","2023","ARIZONA PUBLIC SERVICE CO","60-200071.0000","NON-IRRIGATION USE","613090","A-18-19 36CCD","12.819","WITHDRAWAL","GROUNDWATER","","","","","","","60"
"JOSEPH CITY INA","JOSEPH CITY INA","JOSEPH CITY","2023","ARIZONA PUBLIC SERVICE CO","60-200071.0000","NON-IRRIGATION USE","613091","A-17-19 02DBC","1071.545","WITHDRAWAL","GROUNDWATER","","","","","","","60"
"JOSEPH CITY INA","JOSEPH CITY INA","JOSEPH CITY","2023","ARIZONA PUBLIC SERVICE CO","60-200071.0000","NON-IRRIGATION USE","613093","A-18-19 28CDC","364.129","WITHDRAWAL","GROUNDWATER","","","","","","","60"
"JOSEPH CITY INA","JOSEPH CITY INA","JOSEPH CITY","2023","ARIZONA PUBLIC SERVICE CO","60-200071.0000","NON-IRRIGATION USE","613094","A-17-19 04DDC","1082.909","WITHDRAWAL","GROUNDWATER","","","","","","","60"
"DOUGLAS INA","DOUGLAS INA","DOUGLAS","2023","RIVERVIEW, LLP DBA CORONADO FARMS, LLP","60-203014.0002","IRRIGATION USE","613839","D-19-26 04ADA","1.55","WITHDRAWAL","GROUNDWATER","","","","","","","60"
"DOUGLAS INA","DOUGLAS INA","DOUGLAS","2023","RIVERVIEW, LLP DBA CORONADO FARMS, LLP","60-203014.0002","IRRIGATION USE","613840","D-19-26 04AAA","1.55","WITHDRAWAL","GROUNDWATER","","","","","","","60"
"DOUGLAS INA","DOUGLAS INA","DOUGLAS","2023","RIVERVIEW, LLP DBA CORONADO FARMS, LLP","60-203014.0002","IRRIGATION USE","613841","D-19-26 04ABA","1.55","WITHDRAWAL","GROUNDWATER","","","","","","","60"
"PHOENIX AMA","PHOENIX AMA","WEST SALT RIVER VALLEY","2023","STATE OF ARIZONA","58-107207.0000","TYPE 1 GFR","614008","A-03-02 16AAA","169.283","WITHDRAWAL","GROUNDWATER","","","","","","","58"
"DOUGLAS INA","DOUGLAS INA","DOUGLAS","2023","MILDRED L HANIGAN TRUST","60-203128.0001","IRRIGATION USE","616897","D-24-27 08BAD","0.73","WITHDRAWAL","GROUNDWATER","","","","","","","60"
"PHOENIX AMA","PHOENIX AMA","FOUNTAIN HILLS","2023","SALT RIVER PROJECT AG IMP & POWER DIST","58-106166.0000","TYPE 2 NON-IRRIGATION GFR","617685","A-06-07 33DCB","0.028","WITHDRAWAL","GROUNDWATER","","","","","","","58"
"PHOENIX AMA","PHOENIX AMA","FOUNTAIN HILLS","2023","SALT RIVER PROJECT AG IMP & POWER DIST","58-106166.0000","TYPE 2 NON-IRRIGATION GFR","617686","A-06-07 33DCB","0.002","WITHDRAWAL","GROUNDWATER","","","","","","","58"
"TUCSON AMA","TUCSON AMA","UPPER SANTA CRUZ","2023","TNR&S ACQUISITIONS, INC","58-102307.0002","TYPE 2 NON-IRRIGATION GFR","617911","D-12-13 28AAD","69.768","WITHDRAWAL","GROUNDWATER","","","","","","","58"
"TUCSON AMA","TUCSON AMA","UPPER SANTA CRUZ","2023","TNR&S ACQUISITIONS, INC","58-102307.0002","TYPE 2 NON-IRRIGATION GFR","617913","D-12-13 28CAC","511.411","WITHDRAWAL","GROUNDWATER","","","","","","","58"
"DOUGLAS INA","DOUGLAS INA","DOUGLAS","2023","STATE OF ARIZONA","60-203476.0000","IRRIGATION USE","618182","D-19-26 22AAA","1.03","WITHDRAWAL","GROUNDWATER","","","","","","","60"
"DOUGLAS INA","DOUGLAS INA","DOUGLAS","2023","RIVERVIEW, LLP DBA CORONADO FARMS, LLP","60-203310.0005","IRRIGATION USE","618182","D-19-26 22AAA","1.03","WITHDRAWAL","GROUNDWATER","","","","","","","60"
"DOUGLAS INA","DOUGLAS INA","DOUGLAS","2023","RIVERVIEW, LLP DBA CORONADO FARMS, LLP","60-203461.0004","IRRIGATION USE","618185","D-19-26 22DAD","0.38","WITHDRAWAL","GROUNDWATER","","","","","","","60"
"DOUGLAS INA","DOUGLAS INA","DOUGLAS","2023","LA COSTA WATER USERS ASSOC.","60-203171.0000","NON-IRRIGATION USE","618359","D-23-27 24BBB","4.234","WITHDRAWAL","GROUNDWATER","","","","","","","60"
"TUCSON AMA","TUCSON AMA","AVRA VALLEY","2023","BAYER RESEARCH AND DEVELOPMENT SERVICES LLC","58-109175.0002","IRRIGATION USE","618430","D-12-11 20ADD","135.224","WITHDRAWAL","GROUNDWATER","32","22","40.95","111","14","5.67","58"
"TUCSON AMA","TUCSON AMA","AVRA VALLEY","2023","BAYER RESEARCH AND DEVELOPMENT SERVICES LLC","58-109174.0002","TYPE 2 NON-IRRIGATION GFR","618430","D-12-11 20ADD","2.388","WITHDRAWAL","GROUNDWATER","32","22","40.95","111","14","5.67","58"
"JOSEPH CITY INA","JOSEPH CITY INA","JOSEPH CITY","2023","JOSEPH CITY IRRIGATION CO","60-200093.0000","IRRIGATION USE","620722","A-17-20 06ACB","1163.461","WITHDRAWAL","GROUNDWATER","34","54","11.6","110","15","36.4","60"
"JOSEPH CITY INA","JOSEPH CITY INA","JOSEPH CITY","2023","JOSEPH CITY IRRIGATION CO","60-200093.0000","IRRIGATION USE","620723","A-17-20 06DBA","605.691","WITHDRAWAL","GROUNDWATER","34","54","3","110","15","22","60"
"JOSEPH CITY INA","JOSEPH CITY INA","JOSEPH CITY","2023","JOSEPH CITY IRRIGATION CO","60-200093.0000","IRRIGATION USE","620724","A-18-19 17ADC","528.317","WITHDRAWAL","GROUNDWATER","","","","","","","60"
"DOUGLAS INA","DOUGLAS INA","DOUGLAS","2023","MICHAEL AND TESSA LEE","60-203175.0002","IRRIGATION USE","620826","D-20-26 26BDD","120","WITHDRAWAL","GROUNDWATER","","","","","","","60"
"SANTA CRUZ AMA","SANTA CRUZ AMA","SANTA CRUZ AMA","2023","BAFFERT WILLIAM G","58-111260.0000","IRRIGATION USE","621493","D-24-14 05BAB","0.296","WITHDRAWAL","GROUNDWATER","","","","","","","58"
"DOUGLAS AMA","DOUGLAS INA","DOUGLAS","2023","RIVERVIEW, LLP DBA CORONADO FARMS, LLP","60-203438.0003","IRRIGATION USE","622542","D-20-25 13BBB","0.628","WITHDRAWAL","GROUNDWATER","","","","","","","60"
"DOUGLAS INA","DOUGLAS INA","DOUGLAS","2023","RIVERVIEW, LLP DBA CORONADO FARMS, LLP","60-203438.0003","IRRIGATION USE","622545","D-20-25 24CBB","0.628","WITHDRAWAL","GROUNDWATER","","","","","","","60"
"PHOENIX AMA","PHOENIX AMA","EAST SALT RIVER VALLEY","2023","MAXIM","58-105031.0002","TYPE 2 NON-IRRIGATION GFR","622892","D-01-06 26CCC","9","WITHDRAWAL","GROUNDWATER","","","","","","","58"
"DOUGLAS INA","DOUGLAS INA","DOUGLAS","2023","RIVERVIEW, LLP DBA CORONADO FARMS, LLP","60-203351.0010","IRRIGATION USE","622961","D-19-26 10CDA","1.26","WITHDRAWAL","GROUNDWATER","","","","","","","60"
"DOUGLAS INA","DOUGLAS INA","DOUGLAS","2023","STATE OF ARIZONA","60-203568.0001","IRRIGATION USE","622962","D-19-26 01ADA","135.9","WITHDRAWAL","GROUNDWATER","","","","","","","60"
"DOUGLAS INA","DOUGLAS INA","DOUGLAS","2023","RIVERVIEW, LLP DBA CORONADO FARMS, LLP","60-203351.0010","IRRIGATION USE","622963","D-19-26 10BAD","1.26","WITHDRAWAL","GROUNDWATER","","","","","","","60"
"TUCSON AMA","TUCSON AMA","UPPER SANTA CRUZ","2023","PIMA COUNTY FLOOD CONTROL DIST","58-113557.0011","TYPE 1 GFR","623117","D-19-13 09ACC","67.652","WITHDRAWAL","GROUNDWATER","31","47","23.8","111","1","16.15","58"
"TUCSON AMA","TUCSON AMA","UPPER SANTA CRUZ","2023","PIMA COUNTY FLOOD CONTROL DIST","58-113557.0011","TYPE 1 GFR","623118","D-19-13 09DBD","0.018","WITHDRAWAL","GROUNDWATER","","","","","","","58"
"TUCSON AMA","TUCSON AMA","UPPER SANTA CRUZ","2023","PIMA COUNTY FLOOD CONTROL DIST","58-113557.0011","TYPE 1 GFR","623128","D-19-13 09ACA","7.225","WITHDRAWAL","GROUNDWATER","31","47","31.19","111","1","11.09","58"
"PHOENIX AMA","PHOENIX AMA","LAKE PLEASANT","2023","ARIZONA GAME AND FISH DEPARTMENT","58-110097.0001","TYPE 2 NON-IRRIGATION GFR","623553","A-05-02 04CAB","1.927","WITHDRAWAL","GROUNDWATER","","","","","","","58"
"NOT WITHIN ANY AMA OR INA","UPPER SAN PEDRO","SIERRA VISTA","2023","PUEBLO DEL SOL WATER CO","91-000058.0000","LARGE COMMUNITY WATER SYSTEM","623581","D-22-21 18DDC","215.526","WITHDRAWAL","GROUNDWATER","","","","","","","91"
"NOT WITHIN ANY AMA OR INA","UPPER SAN PEDRO","SIERRA VISTA","2023","PUEBLO DEL SOL WATER CO","91-000058.0000","LARGE COMMUNITY WATER SYSTEM","623582","D-22-20 24AAA","244.328","WITHDRAWAL","GROUNDWATER","","","","","","","91"
"NOT WITHIN ANY AMA OR INA","UPPER SAN PEDRO","SIERRA VISTA","2023","PUEBLO DEL SOL WATER CO","91-000058.0000","LARGE COMMUNITY WATER SYSTEM","623583","D-22-20 36ABB","198.82","WITHDRAWAL","GROUNDWATER","","","","","","","91"
"SANTA CRUZ AMA","SANTA CRUZ AMA","SANTA CRUZ AMA","2023","JOHN RUEB","58-102969.0003","IRRIGATION USE","624047","D-20-11 33BC","10.434","WITHDRAWAL","GROUNDWATER","","","","","","","58"
"PINAL AMA","PINAL AMA","ELOY","2023","TGF PROPERTY LLC","58-150076.0004","IRRIGATION USE","624101","D-06-08 10BCA","23.941","WITHDRAWAL","GROUNDWATER","","","","","","","58"
"DOUGLAS INA","DOUGLAS INA","DOUGLAS","2023","RIVERVIEW, LLP DBA CORONADO FARMS, LLP","60-203420.0023","IRRIGATION USE","625651","D-19-26 09BBB","0.87","WITHDRAWAL","GROUNDWATER","31","40","13.6","109","42","60.5","60"
"DOUGLAS INA","DOUGLAS INA","DOUGLAS","2023","RIVERVIEW, LLP DBA CORONADO FARMS, LLP","60-203420.0023","IRRIGATION USE","625652","D-19-26 09BAA","0.87","WITHDRAWAL","GROUNDWATER","","","","","","","60"
"DOUGLAS INA","DOUGLAS INA","DOUGLAS","2023","RIVERVIEW, LLP DBA CORONADO FARMS, LLP","60-203420.0023","IRRIGATION USE","625655","D-19-26 04CAA","0.87","WITHDRAWAL","GROUNDWATER","","","","","","","60"
"DOUGLAS INA","DOUGLAS INA","DOUGLAS","2023","CORONADO FARMS LLP DBA RIVERVIEW LLP","60-203420.0022","IRRIGATION USE","625657","D-19-26 05DBB","4.94","WITHDRAWAL","GROUNDWATER","","","","","","","60"
"DOUGLAS INA","DOUGLAS INA","DOUGLAS","2023","CORONADO FARMS LLP DBA RIVERVIEW LLP","60-203420.0021","IRRIGATION USE","625660","D-19-26 08BCB","1.06","WITHDRAWAL","GROUNDWATER","","","","","","","60"
"DOUGLAS INA","DOUGLAS INA","DOUGLAS","2023","CORONADO FARMS LLP DBA RIVERVIEW LLP","60-203420.0021","IRRIGATION USE","625663","D-19-26 07CDB","1.06","WITHDRAWAL","GROUNDWATER","","","","","","","60"
"DOUGLAS INA","DOUGLAS INA","DOUGLAS","2023","STATE OF ARIZONA","60-203476.0000","IRRIGATION USE","625668","D-19-26 15CDA","1.03","WITHDRAWAL","GROUNDWATER","","","","","","","60"
"DOUGLAS INA","DOUGLAS INA","DOUGLAS","2023","RIVERVIEW, LLP DBA CORONADO FARMS, LLP","60-203310.0005","IRRIGATION USE","625668","D-19-26 15CDA","1.03","WITHDRAWAL","GROUNDWATER","","","","","","","60"
"DOUGLAS INA","DOUGLAS INA","DOUGLAS","2023","3T RANCHES LLC","60-203264.0003","IRRIGATION USE","625670","D-24-26 02DCC","49.4","WITHDRAWAL","GROUNDWATER","","","","","","","60"
"DOUGLAS INA","DOUGLAS INA","DOUGLAS","2023","3T RANCHES LLC","60-203266.0003","IRRIGATION USE","625671","D-24-26 02CCC","304.796","WITHDRAWAL","GROUNDWATER","","","","","","","60"
"DOUGLAS INA","DOUGLAS INA","DOUGLAS","2023","3T RANCHES LLC","60-203264.0003","IRRIGATION USE","625671","D-24-26 02CCC","304.796","WITHDRAWAL","GROUNDWATER","","","","","","","60"
"DOUGLAS INA","DOUGLAS INA","DOUGLAS","2023","3T RANCHES LLC","60-203264.0003","IRRIGATION USE","625672","D-24-26 02BBC","322.5","WITHDRAWAL","GROUNDWATER","","","","","","","60"
"DOUGLAS INA","DOUGLAS INA","DOUGLAS","2023","3T RANCHES LLC","60-203266.0003","IRRIGATION USE","625672","D-24-26 02BBC","322.5","WITHDRAWAL","GROUNDWATER","","","","","","","60"
"DOUGLAS INA","DOUGLAS INA","DOUGLAS","2023","3T RANCHES LLC","60-203264.0003","IRRIGATION USE","625673","D-24-26 02BDD","638.596","WITHDRAWAL","GROUNDWATER","","","","","","","60"
"DOUGLAS INA","DOUGLAS INA","DOUGLAS","2023","3T RANCHES LLC","60-203266.0003","IRRIGATION USE","625673","D-24-26 02BDD","638.596","WITHDRAWAL","GROUNDWATER","","","","","","","60"
"DOUGLAS INA","DOUGLAS INA","DOUGLAS","2023","3T RANCHES LLC","60-203290.0003","IRRIGATION USE","625676","D-23-26 25CBD","40","WITHDRAWAL","GROUNDWATER","","","","","","","60"
"DOUGLAS INA","DOUGLAS INA","DOUGLAS","2023","3T RANCHES LLC","60-203290.0003","IRRIGATION USE","625678","D-23-26 23DDB","40","WITHDRAWAL","GROUNDWATER","","","","","","","60"
"DOUGLAS INA","DOUGLAS INA","DOUGLAS","2023","3T RANCHES LLC","60-203290.0003","IRRIGATION USE","625679","D-23-26 24BDC","40","WITHDRAWAL","GROUNDWATER","","","","","","","60"
"DOUGLAS INA","DOUGLAS INA","DOUGLAS","2023","3T RANCHES LLC","60-203265.0002","IRRIGATION USE","625681","D-23-27 19BCC","285.9","WITHDRAWAL","GROUNDWATER","31","25","2.24","109","38","49.3","60"
"DOUGLAS INA","DOUGLAS INA","DOUGLAS","2023","3T RANCHES LLC","60-203265.0002","IRRIGATION USE","625682","D-23-27 19CCC","219.456","WITHDRAWAL","GROUNDWATER","31","24","30","109","38","46","60"
"DOUGLAS INA","DOUGLAS INA","DOUGLAS","2023","3T RANCHES LLC","60-203290.0003","IRRIGATION USE","625683","D-23-27 30CCC","847.989","WITHDRAWAL","GROUNDWATER","","","","","","","60"
"DOUGLAS INA","DOUGLAS INA","DOUGLAS","2023","3T RANCHES LLC","60-203265.0002","IRRIGATION USE","625683","D-23-27 30CCC","847.989","WITHDRAWAL","GROUNDWATER","","","","","","","60"
"DOUGLAS INA","DOUGLAS INA","DOUGLAS","2023","3T RANCHES LLC","60-203266.0003","IRRIGATION USE","625684","D-24-26 04ACC","362.2","WITHDRAWAL","GROUNDWATER","","","","","","","60"
"TUCSON AMA","TUCSON AMA","UPPER SANTA CRUZ","2023","GREEN VALLEY INVESTORS LTD","58-104567.0000","TYPE 2 NON-IRRIGATION GFR","625711","D-18-13 11DCD","144.958","WITHDRAWAL","GROUNDWATER","","","","","","","58"
"TUCSON AMA","TUCSON AMA","UPPER SANTA CRUZ","2023","GREEN VALLEY INVESTORS LTD","58-104567.0000","TYPE 2 NON-IRRIGATION GFR","625712","D-18-13 11DCA","560.278","WITHDRAWAL","GROUNDWATER","","","","","","","58"
"SANTA CRUZ AMA","SANTA CRUZ AMA","SANTA CRUZ AMA","2023","RIVERA MARIA ANTONIA G","58-113248.0000","TYPE 2 NON-IRRIGATION GFR","625956","D-20-13 30CAA","9.2","WITHDRAWAL","GROUNDWATER","","","","","","","58"
"SANTA CRUZ AMA","SANTA CRUZ AMA","SANTA CRUZ AMA","2023","BAFFERT WILLIAM G","58-111260.0000","IRRIGATION USE","626418","D-24-14 05BAD","151.872","WITHDRAWAL","GROUNDWATER","","","","","","","58"
"PINAL AMA","PINAL AMA","MARICOPA-STANFIELD","2023","SIMMON HOLDINGS LLC","59-200204.0002","GENERAL INDUSTRIAL USE WITHDRAWAL PERM","626801","D-06-03 06BAA","7.28","WITHDRAWAL","GROUNDWATER","","","","","","","59"
"PINAL AMA","PINAL AMA","MARICOPA-STANFIELD","2023","TIGER TAIL TIMBER TREATING CO.","58-113972.0001","TYPE 2 NON-IRRIGATION GFR","626801","D-06-03 06BAA","2","WITHDRAWAL","GROUNDWATER","","","","","","","58"
"PHOENIX AMA","PHOENIX AMA","EAST SALT RIVER VALLEY","2023","SUNLAND VILLAGE EAST GOLF CLUB INC","58-114254.0018","TYPE 1 GFR","626922","D-01-07 05AAA","464.72","WITHDRAWAL","GROUNDWATER","33","22","44.2","111","39","11.2","58"
"TUCSON AMA","TUCSON AMA","UPPER SANTA CRUZ","2023","PIMA COUNTY REGIONAL FLOOD CONTROL DISTRICT","58-101427.0001","IRRIGATION USE","627073","D-14-15 03BAA","16.106","WITHDRAWAL","GROUNDWATER","32","14","58","110","47","57","58"
"DOUGLAS INA","DOUGLAS INA","DOUGLAS","2023","LHOIST NORTH AMERICA","60-203044.0000","NON-IRRIGATION USE","627544","D-24-26 05CCC","11.062","WITHDRAWAL","GROUNDWATER","","","","","","","60"
"NOT WITHIN ANY AMA OR INA","DOUGLAS","DOUGLAS","2023","","91-000051.0000","SMALL COMMUNITY WATER SYSTEM","627843","D-18-26 10DAA","7.576","WITHDRAWAL","GROUNDWATER","31","53","59.9","109","40","39.7","91"
"DOUGLAS INA","DOUGLAS INA","DOUGLAS","2023","MAYES C E","60-203194.0000","NON-IRRIGATION USE","627914","D-22-25 13CB","0.1","WITHDRAWAL","GROUNDWATER","","","","","","","60"
"PHOENIX AMA","PHOENIX AMA","LAKE PLEASANT","2023","ARIZONA GAME AND FISH DEPARTMENT","58-110097.0001","TYPE 2 NON-IRRIGATION GFR","628189","A-05-02 03DCB","16.155","WITHDRAWAL","GROUNDWATER","33","48","3.2","112","8","33.5","58"
"DOUGLAS INA","DOUGLAS INA","DOUGLAS","2023","JACK W. & DEBRA ROFF","60-203198.0001","IRRIGATION USE","628428","D-22-26 06AC","149.119","WITHDRAWAL","GROUNDWATER","","","","","","","60"
"DOUGLAS INA","DOUGLAS INA","DOUGLAS","2023","JACK W. & DEBRA ROFF","60-203198.0001","IRRIGATION USE","628429","D-22-26 06AAD","12","WITHDRAWAL","GROUNDWATER","31","33","7","109","44","14","60"
"TUCSON AMA","TUCSON AMA","UPPER SANTA CRUZ","2023","VICTOR G. LAMB","58-106607.0001","TYPE 2 NON-IRRIGATION GFR","628534","D-17-14 17BCC","8","WITHDRAWAL","GROUNDWATER","","","","","","","58"
"SANTA CRUZ AMA","SANTA CRUZ AMA","SANTA CRUZ AMA","2023","FRED D ROBIN","58-113655.0003","IRRIGATION USE","628540","D-20-13 32ACA","1","WITHDRAWAL","GROUNDWATER","","","","","","","58"
"TUCSON AMA","TUCSON AMA","AVRA VALLEY","2023","EARLEY, CARL, L","58-106460.0000","IRRIGATION USE","629192","D-13-10 21AAD","0.031","WITHDRAWAL","GROUNDWATER","","","","","","","58"
"TUCSON AMA","TUCSON AMA","UPPER SANTA CRUZ","2023","ROBERT E. SELBY","58-111428.0001","TYPE 2 NON-IRRIGATION GFR","629250","D-13-14 20DDD","17.909","WITHDRAWAL","GROUNDWATER","","","","","","","58"
"NOT WITHIN ANY AMA OR INA","SACRAMENTO VALLEY","SACRAMENTO VALLEY","2023","HAVASU HEIGHTS DWID","91-000321.0000","SMALL COMMUNITY WATER SYSTEM","629451","B-15-19 07AAB","25.5","WITHDRAWAL","GROUNDWATER","34","39","40","114","17","6.8","91"
"DOUGLAS INA","DOUGLAS INA","DOUGLAS","2023","COCHISE COLLEGE PARK WATER ASSOC.","91-000054.0000","SMALL COMMUNITY WATER SYSTEM","630016","D-24-26 12","18.59","WITHDRAWAL","GROUNDWATER","","","","","","","91"
"DOUGLAS INA","DOUGLAS INA","DOUGLAS","2023","RONALD AND MARGARET BEMIS","60-203271.0003","IRRIGATION USE","630359","D-22-26 05","6.35","WITHDRAWAL","GROUNDWATER","","","","","","","60"
"NOT WITHIN ANY AMA OR INA","VERDE RIVER","VERDE VALLEY","2023","RED ROCK CROSSING MOBILE VILLA","91-000650.0000","SMALL COMMUNITY WATER SYSTEM","632376","A-17-05 26BCA","7.89","WITHDRAWAL","GROUNDWATER","34","49","70.3","111","48","55","91"
"NOT WITHIN ANY AMA OR INA","VERDE RIVER","VERDE VALLEY","2023","RED ROCK CROSSING MOBILE VILLA","91-000650.0000","SMALL COMMUNITY WATER SYSTEM","632376","A-17-05 26BCA","7.081","WITHDRAWAL","GROUNDWATER","34","49","70.3","111","48","55","91"
"TUCSON AMA","TUCSON AMA","AVRA VALLEY","2023","MARANA HIGH SCHOOL DISTRICT #6","58-111064.0000","TYPE 2 NON-IRRIGATION GFR","633835","D-12-11 21DDA","35.211","WITHDRAWAL","GROUNDWATER","","","","","","","58"
"TUCSON AMA","TUCSON AMA","AVRA VALLEY","2023","MARANA UNIFIED SCHOOL DISTRICT","58-111066.0002","TYPE 2 NON-IRRIGATION GFR","633836","D-11-11 22DCD","65.323","WITHDRAWAL","GROUNDWATER","32","27","12.8","111","12","18.3","58"
"TUCSON AMA","TUCSON AMA","UPPER SANTA CRUZ","2023","SLADE LELAND J","58-112059.0000","TYPE 2 NON-IRRIGATION GFR","634014","D-14-16 06BA","1.5","WITHDRAWAL","GROUNDWATER","","","","","","","58"
"PHOENIX AMA","PHOENIX AMA","EAST SALT RIVER VALLEY","2023","RED MOUNTAIN MINING, INC.","59-232552.0000","DEWATERING PERMIT (MINING)","639212","A-02-06 24DDD","6","WITHDRAWAL","GROUNDWATER","","","","","","","59"
"TUCSON AMA","TUCSON AMA","UPPER SANTA CRUZ","2023","PIMA COUNTY WWMD INA ROAD","58-109394.0001","TYPE 2 NON-IRRIGATION GFR","639725","D-13-12 01ACA","29.841","WITHDRAWAL","GROUNDWATER","","","","","","","58"
"SANTA CRUZ AMA","SANTA CRUZ AMA","SANTA CRUZ AMA","2023","FONTES, DANIEL & KRISTINE C.","58-112904.0001","TYPE 2 NON-IRRIGATION GFR","640288","D-20-13 31D","3.3","WITHDRAWAL","GROUNDWATER","","","","","","","58"
"TUCSON AMA","TUCSON AMA","UPPER SANTA CRUZ","2023","STEVEN L/ HEATHER B BOSSE","58-160052.0001","TYPE 2 NON-IRRIGATION GFR","800437","D-13-15 33DDC","0.5","WITHDRAWAL","GROUNDWATER","","","","","","","58"
"TUCSON AMA","TUCSON AMA","UPPER SANTA CRUZ","2023","STEVEN L/ HEATHER B BOSSE","58-160052.0001","TYPE 2 NON-IRRIGATION GFR","800437","D-13-15 33DDC","0.5","WITHDRAWAL","GROUNDWATER","","","","","","","58"
"PHOENIX AMA","PHOENIX AMA","WEST SALT RIVER VALLEY","2023","DAVID SLAYDE VISS AND LACEY JEAN TILLIA","58-102041.0009","TYPE 1 GFR","800567","B-01-03 35BDD","1.5","WITHDRAWAL","GROUNDWATER","","","","","","","58"
"TUCSON AMA","TUCSON AMA","UPPER SANTA CRUZ","2023","THEODORE, SUSAN MACK","58-112092.0001","TYPE 2 NON-IRRIGATION GFR","800653","D-13-14 29ABD","0.9","WITHDRAWAL","GROUNDWATER","","","","","","","58"
"PHOENIX AMA","PHOENIX AMA","WEST SALT RIVER VALLEY","2023","UNITED STATES OF AMERICA","58-116105.0000","TYPE 2 NON-IRRIGATION GFR","800735","A-02-03 20DDA","2.612","WITHDRAWAL","GROUNDWATER","33","29","48.85","112","3","58.47","58"
"PHOENIX AMA","PHOENIX AMA","WEST SALT RIVER VALLEY","2023","ROUTE 14 INVESTMENT PARTNERS LLC","58-102408.0004","TYPE 2 NON-IRRIGATION GFR","800994","B-05-02 17ABD","29.61","WITHDRAWAL","GROUNDWATER","33","46","47","112","29","15","58"
"TUCSON AMA","TUCSON AMA","UPPER SANTA CRUZ","2023","MEAD OVIS O","58-116153.0000","TYPE 2 NON-IRRIGATION GFR","801039","D-14-15 01BD","9","WITHDRAWAL","GROUNDWATER","","","","","","","58"
"TUCSON AMA","TUCSON AMA","UPPER SANTA CRUZ","2023","HUGHES SAND AND GRAVEL","58-109667.0001","TYPE 2 NON-IRRIGATION GFR","801307","D-15-14 27CBC","8.15","WITHDRAWAL","GROUNDWATER","","","","","","","58"
"TUCSON AMA","TUCSON AMA","UPPER SANTA CRUZ","2023","JESSICA BRANDT","58-110120.0001","TYPE 2 NON-IRRIGATION GFR","801420","D-13-14 28BAA","1","WITHDRAWAL","GROUNDWATER","","","","","","","58"
"TUCSON AMA","TUCSON AMA","UPPER SANTA CRUZ","2023","JESSICA BRANDT","58-110120.0001","TYPE 2 NON-IRRIGATION GFR","801420","D-13-14 28BAA","1","WITHDRAWAL","GROUNDWATER","","","","","","","58"
"TUCSON AMA","TUCSON AMA","UPPER SANTA CRUZ","2023","SWEET, BAUER, BROWN","58-117385.0001","TYPE 2 NON-IRRIGATION GFR","801794","D-11-14 09DDB","1","WITHDRAWAL","GROUNDWATER","","","","","","","58"
"PRESCOTT AMA","PRESCOTT AMA","LITTLE CHINO","2023","JESS ANN COLLIER","58-100966.0000","IRRIGATION USE","802261","B-16-02 03BAD","160.476","WITHDRAWAL","GROUNDWATER","","","","","","","58"
"TUCSON AMA","TUCSON AMA","UPPER SANTA CRUZ","2023","THE SANTA CRUZ FAMILY LIVING TRUST","58-109045.0001","TYPE 2 NON-IRRIGATION GFR","803754","D-17-14 22CBD","6","WITHDRAWAL","GROUNDWATER","","","","","","","58"
"TUCSON AMA","TUCSON AMA","UPPER SANTA CRUZ","2023","AROWESTY, JILL","58-117376.0001","TYPE 2 NON-IRRIGATION GFR","803937","D-13-13 02DDD","7.3","WITHDRAWAL","GROUNDWATER","","","","","","","58"
"TUCSON AMA","TUCSON AMA","UPPER SANTA CRUZ","2023","ST. MARK EVANGELIST CATH CHURCH","58-117410.0002","TYPE 2 NON-IRRIGATION GFR","804222","D-12-13 28BBD","3","WITHDRAWAL","GROUNDWATER","","","","","","","58"
"NOT WITHIN ANY AMA OR INA","LAKE MOHAVE","LAKE MOHAVE","2023","UTILITIES, INC","91-000336.0000","LARGE COMMUNITY WATER SYSTEM","806426","B-19-22 36BBA","144.136","WITHDRAWAL","GROUNDWATER","","","","","","","91"
"TUCSON AMA","TUCSON AMA","UPPER SANTA CRUZ","2023","CORONADO FOREST DRIVE COOP","91-000786.0000","SMALL COMMUNITY WATER SYSTEM","806892","D-11-14 10CBD","5.37","WITHDRAWAL","GROUNDWATER","","","","","","","91"
"PINAL AMA","PINAL AMA","MARICOPA-STANFIELD","2023","ATLAS COMMERCIAL LLC","58-102336.0011","TYPE 1 GFR","808880","D-04-02 13BCB","13.41","WITHDRAWAL","GROUNDWATER","33","5","36","112","7","3","58"
"PRESCOTT AMA","PRESCOTT AMA","LITTLE CHINO","2023","MANNEKEN APARTMENTS LLC","91-000849.0000","SMALL COMMUNITY WATER SYSTEM","901696","B-16-02 15AAB","2.8","WITHDRAWAL","GROUNDWATER","34","46","23.5","112","27","23.3","91"
"TUCSON AMA","TUCSON AMA","UPPER SANTA CRUZ","2023","CITY OF TUCSON - ENV SERVICES","59-209994.0002","POOR QUALITY WITHDRAWAL PERMITS","902791","D-15-14 14CDB","5.23","WITHDRAWAL","GROUNDWATER","","","","","","","59"
"TUCSON AMA","TUCSON AMA","UPPER SANTA CRUZ","2023","CITY OF TUCSON - ENV SERVICES","59-209994.0002","POOR QUALITY WITHDRAWAL PERMITS","902793","D-15-14 14DCB","5.41","WITHDRAWAL","GROUNDWATER","","","","","","","59"
"HUALAPAI VALLEY INA","HUALAPAI VALLEY","HUALAPAI VALLEY","2023","KINGMAN MUNICIPAL WATER","91-000316.0000","LARGE COMMUNITY WATER SYSTEM","905225","B-22-16 34DCC","365","WITHDRAWAL","GROUNDWATER","","","","","","","91"
"HUALAPAI VALLEY INA","HUALAPAI VALLEY","HUALAPAI VALLEY","2023","KINGMAN MUNICIPAL WATER","91-000316.0000","LARGE COMMUNITY WATER SYSTEM","905228","B-22-16 35CCC","1842","WITHDRAWAL","GROUNDWATER","","","","","","","91"
"JOSEPH CITY INA","JOSEPH CITY INA","JOSEPH CITY","2023","ARIZONA PUBLIC SERVICE CO","60-200071.0000","NON-IRRIGATION USE","906362","A-18-19 36CCC","215.282","WITHDRAWAL","GROUNDWATER","","","","","","","60"
"JOSEPH CITY INA","JOSEPH CITY INA","JOSEPH CITY","2023","ARIZONA PUBLIC SERVICE CO","60-200071.0000","NON-IRRIGATION USE","906812","A-18-19 36DDD","15.866","WITHDRAWAL","GROUNDWATER","","","","","","","60"
"JOSEPH CITY INA","JOSEPH CITY INA","JOSEPH CITY","2023","ARIZONA PUBLIC SERVICE CO","60-200071.0000","NON-IRRIGATION USE","907572","A-17-19 04ADC","8.676","WITHDRAWAL","GROUNDWATER","34","54","6.2","110","19","35.5","60"
"JOSEPH CITY INA","JOSEPH CITY INA","JOSEPH CITY","2023","ARIZONA PUBLIC SERVICE CO","60-200071.0000","NON-IRRIGATION USE","907660","A-17-19 02BBB","23.213","WITHDRAWAL","GROUNDWATER","","","","","","","60"
"PINAL AMA","PINAL AMA","ELOY","2023","EL PASO NATURAL GAS COMPANY","58-100938.0013","TYPE 1 GFR","908684","D-06-08 03CDC","0.002","WITHDRAWAL","GROUNDWATER","32","55","25.5","111","30","35.2","58"
"JOSEPH CITY INA","JOSEPH CITY INA","JOSEPH CITY","2023","ARIZONA PUBLIC SERVICE CO","60-200071.0000","NON-IRRIGATION USE","908742","A-17-19 02CCD","2384.86","WITHDRAWAL","GROUNDWATER","","","","","","","60"
"TUCSON AMA","TUCSON AMA","UPPER SANTA CRUZ","2023","CITY OF TUCSON - ENV SERVICES","59-209994.0002","POOR QUALITY WITHDRAWAL PERMITS","910171","D-15-14 23BCB","9.81","WITHDRAWAL","GROUNDWATER","","","","","","","59"
"JOSEPH CITY INA","JOSEPH CITY INA","JOSEPH CITY","2023","JOSEPH CITY IRRIGATION CO","60-200093.0000","IRRIGATION USE","910324","A-17-20 06BAD","1972.647","WITHDRAWAL","GROUNDWATER","34","54","21.2","112","0","40.82","60"
"DOUGLAS INA","DOUGLAS INA","DOUGLAS","2023","RIVERVIEW, LLP DBA CORONADO FARMS, LLP","60-203360.0022","IRRIGATION USE","915866","D-19-26 28ABB","1.44","WITHDRAWAL","GROUNDWATER","","","","","","","60"
"TUCSON AMA","TUCSON AMA","UPPER SANTA CRUZ","2023","CITY OF TUCSON - ENV SERVICES","59-209994.0002","POOR QUALITY WITHDRAWAL PERMITS","918190","D-15-14 23BAB","5.16","WITHDRAWAL","GROUNDWATER","32","7","8.8","110","53","9.3","59"
